Country Name,Country Code,Indicator Name,Indicator Code,2001,2002,2003,2004,2005,2006,2007,2008,2009,2010,2011,2012,2013,2014,2015,2016,2017,2018
Afghanistan,AFG,"Population, total",SP.POP.TOTL,21606988,22600770,23680871,24726684,25654277,26433049,27100536,27722276,28394813,29185507,30117413,31161376,32269589,33370794,34413603,35383128,36296400,37172386
Albania,ALB,"Population, total",SP.POP.TOTL,3060173,3051010,3039616,3026939,3011487,2992547,2970017,2947314,2927519,2913021,2905195,2900401,2895092,2889104,2880703,2876101,2873457,2866376
Algeria,DZA,"Population, total",SP.POP.TOTL,31451514,31855109,32264157,32692163,33149724,33641002,34166972,34730608,35333881,35977455,36661444,37383887,38140132,38923687,39728025,40551404,41389198,42228429
Angola,AGO,"Population, total",SP.POP.TOTL,16945753,17519417,18121479,18758145,19433602,20149901,20905363,21695634,22514281,23356246,24220661,25107931,26015780,26941779,27884381,28842484,29816748,30809762
Argentina,ARG,"Population, total",SP.POP.TOTL,37275652,37681749,38087868,38491972,38892931,39289878,39684295,40080160,40482788,40788453,41261490,41733271,42202935,42669500,43131966,43590368,44044811,44494502
Armenia,ARM,"Population, total",SP.POP.TOTL,3050687,3033978,3017932,3000720,2981269,2958307,2932618,2907618,2888092,2877319,2876538,2884229,2897584,2912403,2925553,2936146,2944809,2951776
Australia,AUS,"Population, total",SP.POP.TOTL,19413000,19651400,19895400,20127400,20394800,20697900,20827600,21249200,21691700,22031750,22340024,22733465,23128129,23475686,23815995,24190907,24601860,24982688
Austria,AUT,"Population, total",SP.POP.TOTL,8042293,8081957,8121423,8171966,8227829,8268641,8295487,8321496,8343323,8363404,8391643,8429991,8479823,8546356,8642699,8736668,8797566,8840521
Azerbaijan,AZE,"Population, total",SP.POP.TOTL,8111200,8171950,8234100,8306500,8391850,8484550,8581300,8763400,8947243,9054332,9173082,9295784,9416801,9535079,9649341,9757812,9854033,9939800
Bangladesh,BGD,"Population, total",SP.POP.TOTL,130088702,132478086,134791603,136986432,139035505,140921167,142660376,144304167,145924797,147575430,149273778,151007807,152764676,154520167,156256276,157970840,159670593,161356039
Belarus,BLR,"Population, total",SP.POP.TOTL,9928549,9865548,9796749,9730146,9663915,9604924,9560953,9527985,9506765,9490583,9473172,9464495,9465997,9474511,9489616,9501534,9498264,9483499
Belgium,BEL,"Population, total",SP.POP.TOTL,10286570,10332785,10376133,10421137,10478617,10547958,10625700,10709973,10796493,10895586,11038264,11106932,11159407,11209057,11274196,11331422,11375158,11433256
Benin,BEN,"Population, total",SP.POP.TOTL,7076733,7295394,7520555,7750004,7982225,8216897,8454793,8696921,8944708,9199259,9460830,9729248,10004588,10286842,10575952,10872067,11175204,11485048
Bhutan,BTN,"Population, total",SP.POP.TOTL,603640,616018,627839,638815,648739,657410,664876,671613,678323,685503,693298,701583,710238,719056,727876,736709,745568,754394
Bolivia,BOL,"Population, total",SP.POP.TOTL,8580235,8742814,8905823,9069039,9232306,9395446,9558439,9721454,9884781,10048590,10212954,10377676,10542376,10706517,10869730,11031813,11192854,11353142
Bosnia and Herzegovina,BIH,"Population, total",SP.POP.TOTL,3755512,3759387,3762173,3764194,3765331,3765424,3762786,3754271,3735938,3705472,3661175,3604972,3542605,3482104,3429361,3386267,3351527,3323929
Botswana,BWA,"Population, total",SP.POP.TOTL,1674678,1704642,1734398,1765527,1799078,1835908,1875459,1915639,1953498,1987105,2015402,2039551,2062536,2088614,2120716,2159944,2205128,2254126
Brazil,BRA,"Population, total",SP.POP.TOTL,177196054,179537520,181809246,184006481,186127103,188167356,190130443,192030362,193886508,195713635,197514534,199287296,201035903,202763735,204471769,206163058,207833831,209469333
Bulgaria,BGR,"Population, total",SP.POP.TOTL,8009142,7837161,7775327,7716860,7658972,7601022,7545338,7492561,7444443,7395599,7348328,7305888,7265115,7223938,7177991,7127822,7075947,7025037
Burkina Faso,BFA,"Population, total",SP.POP.TOTL,11944587,12293100,12654621,13030569,13421930,13829176,14252021,14689725,15141098,15605217,16081911,16571246,17072775,17586017,18110624,18646378,19193284,19751535
Burundi,BDI,"Population, total",SP.POP.TOTL,6525545,6704113,6909154,7131693,7364862,7607849,7862214,8126102,8397668,8675602,8958406,9245988,9540289,9844297,10160030,10487998,10827024,11175378
Cabo Verde,CPV,"Population, total",SP.POP.TOTL,435709,442951,449930,456617,463032,469170,475060,480842,486671,492654,498856,505235,511748,518269,524743,531146,537497,543767
Cambodia,KHM,"Population, total",SP.POP.TOTL,12405408,12637727,12856163,13066469,13273354,13477709,13679962,13883834,14093604,14312212,14541423,14780454,15026332,15274503,15521436,15766293,16009414,16249798
Cameroon,CMR,"Population, total",SP.POP.TOTL,15928910,16357602,16800865,17259322,17733410,18223674,18730282,19252666,19789919,20341241,20906388,21485266,22077298,22681858,23298368,23926539,24566045,25216237
Canada,CAN,"Population, total",SP.POP.TOTL,31020902,31360079,31644028,31940655,32243753,32571174,32889025,33247118,33628895,34004889,34339328,34714222,35082954,35437435,35702908,36109487,36543321,37057765
Central African Republic,CAF,"Population, total",SP.POP.TOTL,3722018,3802128,3881181,3959875,4038382,4118069,4198010,4273366,4337625,4386768,4418636,4436415,4447942,4464175,4493170,4537687,4596028,4666377
Chad,TCD,"Population, total",SP.POP.TOTL,8678051,9019233,9373916,9734767,10096633,10457124,10818024,11183588,11560147,11952136,12360989,12784750,13220424,13663559,14110975,14561666,15016773,15477751
Chile,CHL,"Population, total",SP.POP.TOTL,15516113,15684409,15849652,16014971,16182721,16354504,16530195,16708258,16886186,17062536,17233576,17400347,17571507,17758959,17969353,18209068,18470439,18729160
China,CHN,"Population, total",SP.POP.TOTL,1271850000,1280400000,1288400000,1296075000,1303720000,1311020000,1317885000,1324655000,1331260000,1337705000,1344130000,1350695000,1357380000,1364270000,1371220000,1378665000,1386395000,1392730000
Colombia,COL,"Population, total",SP.POP.TOTL,40255967,40875360,41483869,42075955,42647723,43200897,43737516,44254975,44750054,45222700,45663099,46076848,46497267,46969209,47520667,48171392,48901066,49648685
Comoros,COM,"Population, total",SP.POP.TOTL,555888,569479,583211,597228,611627,626425,641620,657229,673252,689692,706569,723871,741505,759390,777424,795592,813892,832322
"Congo, Rep.",COG,"Population, total",SP.POP.TOTL,3217933,3310387,3406922,3510468,3622775,3745141,3876119,4011486,4145391,4273731,4394844,4510198,4622761,4736974,4856095,4980999,5110702,5244363
Costa Rica,CRI,"Population, total",SP.POP.TOTL,4034074,4100925,4164053,4225155,4285502,4345412,4404628,4463125,4520740,4577378,4633086,4688000,4742107,4795396,4847804,4899345,4949954,4999441
Cote d'Ivoire,CIV,"Population, total",SP.POP.TOTL,16853026,17231539,17599610,17970494,18354514,18754916,19171237,19605569,20059147,20532950,21028655,21547188,22087505,22647683,23226143,23822714,24437469,25069229
Croatia,HRV,"Population, total",SP.POP.TOTL,4299642,4302174,4303399,4304600,4310145,4311159,4310217,4309705,4305181,4295427,4280622,4267558,4255689,4238389,4203604,4174349,4124531,4087843
Cyprus,CYP,"Population, total",SP.POP.TOTL,960276,976964,993563,1010408,1027662,1045507,1063713,1081563,1098083,1112612,1124833,1135046,1143866,1152285,1160985,1170187,1179680,1189265
Czech Republic,CZE,"Population, total",SP.POP.TOTL,10216605,10196916,10193998,10197101,10211216,10238905,10298828,10384603,10443936,10474410,10496088,10510785,10514272,10525347,10546059,10566332,10594438,10629928
Denmark,DNK,"Population, total",SP.POP.TOTL,5358783,5375931,5390574,5404523,5419432,5437272,5461438,5493621,5523095,5547683,5570572,5591572,5614932,5643475,5683483,5728010,5764980,5793636
Dominican Republic,DOM,"Population, total",SP.POP.TOTL,8598601,8724975,8850317,8974444,9097257,9218686,9338861,9458075,9576737,9695121,9813210,9930911,10048224,10165178,10281680,10397743,10513131,10627165
Ecuador,ECU,"Population, total",SP.POP.TOTL,12914667,13143465,13369678,13596388,13825847,14059384,14296557,14535739,14774424,15011117,15243883,15474102,15707474,15951838,16212020,16491115,16785361,17084357
"Egypt, Arab Rep.",EGY,"Population, total",SP.POP.TOTL,70152661,71485043,72826097,74172073,75523569,76873663,78232126,79636079,81134798,82761235,84529250,86422240,88404640,90424654,92442547,94447072,96442593,98423595
El Salvador,SLV,"Population, total",SP.POP.TOTL,5927006,5962136,5994077,6023797,6052123,6079399,6105810,6131764,6157686,6183875,6210568,6237923,6266070,6295128,6325124,6356143,6388122,6420744
Equatorial Guinea,GNQ,"Population, total",SP.POP.TOTL,631666,658384,686664,716949,749535,784496,821687,860840,901599,943639,986853,1031191,1076413,1122276,1168568,1215179,1262001,1308974
Eritrea,ERI,"Population, total",SP.POP.TOTL,2374722,2481058,2600973,2719803,2826659,2918205,2996536,3062779,3119920,3170435,3213972,,,,,,,
Estonia,EST,"Population, total",SP.POP.TOTL,1388115,1379350,1370720,1362550,1354775,1346810,1340680,1337090,1334515,1331475,1327439,1322696,1317997,1314545,1315407,1315790,1317384,1321977
Eswatini,SWZ,"Population, total",SP.POP.TOTL,1013609,1019059,1022802,1026286,1030579,1036092,1042652,1049945,1057467,1064837,1072032,1079288,1086839,1095021,1104044,1113984,1124753,1136191
Ethiopia,ETH,"Population, total",SP.POP.TOTL,68159423,70142091,72170584,74239505,76346311,78489206,80674348,82916235,85233913,87639964,90139927,92726971,95385785,98094253,100835458,103603501,106400024,109224559
Fiji,FJI,"Population, total",SP.POP.TOTL,813925,815257,816076,817860,821604,827870,836190,845361,853637,859818,863449,865069,865608,866453,868627,872399,877459,883483
Finland,FIN,"Population, total",SP.POP.TOTL,5188008,5200598,5213014,5228172,5246096,5266268,5288720,5313399,5338871,5363352,5388272,5413971,5438972,5461512,5479531,5495303,5508214,5515525
France,FRA,"Population, total",SP.POP.TOTL,61357430,61805267,62244886,62704895,63179351,63621381,64016225,64374984,64707040,65027507,65342780,65659809,65998687,66312067,66548272,66721256,66865144,66977107
Gabon,GAB,"Population, total",SP.POP.TOTL,1258003,1288315,1319953,1353795,1390549,1430152,1472575,1518540,1568928,1624140,1684635,1749682,1817071,1883800,1947686,2007873,2064823,2119275
"Gambia, The",GMB,"Population, total",SP.POP.TOTL,1360074,1404261,1449925,1496527,1543741,1591445,1639848,1689285,1740279,1793196,1848147,1905011,1963711,2024042,2085860,2149139,2213894,2280102
Georgia,GEO,"Population, total",SP.POP.TOTL,4014373,3978515,3951736,3927340,3902469,3880347,3860158,3848449,3814419,3786695,3756441,3728874,3717668,3719414,3725276,3727505,3728004,3726549
Germany,DEU,"Population, total",SP.POP.TOTL,82349925,82488495,82534176,82516260,82469422,82376451,82266372,82110097,81902307,81776930,80274983,80425823,80645605,80982500,81686611,82348669,82657002,82905782
Ghana,GHA,"Population, total",SP.POP.TOTL,19756928,20246381,20750299,21272323,21814642,22379055,22963946,23563825,24170940,24779619,25387710,25996449,26607642,27224472,27849205,28481946,29121471,29767108
Greece,GRC,"Population, total",SP.POP.TOTL,10862132,10902022,10928070,10955141,10987314,11020362,11048473,11077841,11107017,11121341,11104899,11045011,10965211,10892413,10820883,10775971,10754679,10731726
Guatemala,GTM,"Population, total",SP.POP.TOTL,11924946,12208848,12500478,12796925,13096028,13397021,13700327,14006428,14316263,14630417,14948803,15270778,15595821,15923243,16252429,16583060,16914936,17247807
Guinea,GIN,"Population, total",SP.POP.TOTL,8417081,8586074,8753093,8925743,9109581,9307425,9518162,9738792,9964469,10192176,10420471,10652029,10892810,11150977,11432088,11738441,12067539,12414318
Guinea-Bissau,GNB,"Population, total",SP.POP.TOTL,1227106,1254453,1283305,1313492,1344930,1377581,1411543,1446936,1483921,1522599,1562989,1604979,1648257,1692439,1737202,1782437,1828146,1874309
Haiti,HTI,"Population, total",SP.POP.TOTL,8608819,8754150,8900104,9047077,9195288,9344785,9495328,9646580,9798046,9949322,10100320,10250930,10400673,10549008,10695542,10839970,10982366,11123176
Honduras,HND,"Population, total",SP.POP.TOTL,6751912,6929265,7106319,7282953,7458985,7634298,7808518,7980955,8150775,8317470,8480671,8640691,8798521,8955589,9112916,9270795,9429013,9587522
"Hong Kong SAR, China",HKG,"Population, total",SP.POP.TOTL,6714300,6744100,6730800,6783500,6813200,6857100,6916300,6957800,6972800,7024200,7071600,7150100,7178900,7229500,7291300,7336600,7391700,7451000
Hungary,HUN,"Population, total",SP.POP.TOTL,10187576,10158608,10129552,10107146,10087065,10071370,10055780,10038188,10022650,10000023,9971727,9920362,9893082,9866468,9843028,9814023,9787966,9775564
Iceland,ISL,"Population, total",SP.POP.TOTL,284968,287523,289521,292074,296734,303782,311566,317414,318499,318041,319014,320716,323764,327386,330815,335439,343400,352721
India,IND,"Population, total",SP.POP.TOTL,1075000085,1093317189,1111523144,1129623456,1147609927,1165486291,1183209472,1200669765,1217726215,1234281170,1250288729,1265782790,1280846129,1295604184,1310152403,1324509589,1338658835,1352617328
Indonesia,IDN,"Population, total",SP.POP.TOTL,214427417,217357793,220309469,223285676,226289470,229318262,232374245,235469762,238620563,241834215,245116206,248452413,251806402,255129004,258383256,261554226,264645886,267663435
"Iran, Islamic Rep.",IRN,"Population, total",SP.POP.TOTL,66449112,67284796,68122938,68951281,69762347,70554760,71336475,72120604,72924837,73762519,74634956,75539862,76481943,77465753,78492215,79564016,80673951,81800269
Iraq,IRQ,"Population, total",SP.POP.TOTL,24208180,24931919,25644499,26313838,26922284,27448124,27911248,28385746,28973162,29741976,30725300,31890011,33157050,34411951,35572261,36610632,37552781,38433600
Ireland,IRL,"Population, total",SP.POP.TOTL,3866243,3931947,3996521,4070262,4159914,4273591,4398942,4489544,4535375,4560155,4580084,4599533,4623816,4657740,4701957,4755335,4807388,4867309
Israel,ISR,"Population, total",SP.POP.TOTL,6439000,6570000,6689700,6809000,6930100,7053700,7180100,7308800,7485600,7623600,7765800,7910500,8059500,8215700,8380100,8546000,8713300,8882800
Italy,ITA,"Population, total",SP.POP.TOTL,56974100,57059007,57313203,57685327,57969484,58143979,58438310,58826731,59095365,59277417,59379449,59539717,60233948,60789140,60730582,60627498,60536709,60421760
Jamaica,JAM,"Population, total",SP.POP.TOTL,2674702,2692845,2709437,2725015,2740003,2754407,2768227,2781876,2795837,2810460,2825929,2842132,2858709,2875136,2891021,2906238,2920853,2934855
Japan,JPN,"Population, total",SP.POP.TOTL,127149000,127445000,127718000,127761000,127773000,127854000,128001000,128063000,128047000,128070000,127833000,127629000,127445000,127276000,127141000,126994511,126785797,126529100
Jordan,JOR,"Population, total",SP.POP.TOTL,5217336,5317506,5434030,5580244,5765635,5991540,6255280,6556478,6893260,7261539,7663131,8090872,8520420,8920049,9266575,9551467,9779173,9956011
Kazakhstan,KAZ,"Population, total",SP.POP.TOTL,14858335,14858948,14909018,15012985,15147029,15308084,15484192,15674000,16092822,16321872,16557201,16792089,17035550,17288285,17542806,17794055,18037776,18272430
Kenya,KEN,"Population, total",SP.POP.TOTL,32848564,33751739,34678779,35635271,36624895,37649033,38705932,39791981,40901792,42030676,43178257,44343410,45519889,46699981,47878336,49051686,50221473,51393010
"Korea, Rep.",KOR,"Population, total",SP.POP.TOTL,47370164,47644736,47892330,48082519,48184561,48438292,48683638,49054708,49307835,49554112,49936638,50199853,50428893,50746659,51014947,51217803,51361911,51606633
Kuwait,KWT,"Population, total",SP.POP.TOTL,2103282,2136997,2161626,2200492,2270198,2373672,2504019,2656009,2821045,2991884,3168060,3348853,3526378,3690942,3835591,3956873,4056097,4137309
Kyrgyz Republic,KGZ,"Population, total",SP.POP.TOTL,4945100,4990700,5043300,5104700,5162600,5218400,5268400,5318700,5383300,5447900,5514600,5607200,5719600,5835500,5956900,6079500,6198200,6322800
Lao PDR,LAO,"Population, total",SP.POP.TOTL,5409582,5493246,5576640,5662208,5751676,5846074,5944948,6046620,6148623,6249165,6347567,6444530,6541304,6639756,6741164,6845846,6953035,7061507
Latvia,LVA,"Population, total",SP.POP.TOTL,2337170,2310173,2287955,2263122,2238799,2218357,2200325,2177322,2141669,2097555,2059709,2034319,2012647,1993782,1977527,1959537,1942248,1927174
Lebanon,LBN,"Population, total",SP.POP.TOTL,3991001,4182205,4388375,4569378,4698763,4759753,4767344,4764741,4813026,4953061,5202343,5538634,5914621,6262410,6532678,6711121,6811873,6848925
Lesotho,LSO,"Population, total",SP.POP.TOTL,2035740,2029829,2018348,2005940,1996114,1989939,1986922,1987129,1990131,1995581,2003787,2014990,2028519,2043437,2059021,2075001,2091412,2108132
Liberia,LBR,"Population, total",SP.POP.TOTL,2953927,3024729,3077058,3135651,3218116,3329211,3461911,3607860,3754133,3891356,4017443,4135659,4248334,4359505,4472230,4586788,4702228,4818977
Libya,LBY,"Population, total",SP.POP.TOTL,5443248,5531089,5620547,5710154,5798614,5886872,5974787,6058748,6133984,6197663,6247439,6285750,6320359,6362037,6418315,6492164,6580724,6678567
Lithuania,LTU,"Population, total",SP.POP.TOTL,3470818,3443067,3415213,3377075,3322528,3269909,3231294,3198231,3162916,3097282,3028115,2987773,2957689,2932367,2904910,2868231,2828403,2801543
Madagascar,MDG,"Population, total",SP.POP.TOTL,16260932,16765117,17279141,17802997,18336724,18880269,19433530,19996473,20569117,21151640,21743967,22346641,22961253,23589887,24234088,24894380,25570540,26262368
Malawi,MWI,"Population, total",SP.POP.TOTL,11432000,11713664,12000181,12301838,12625952,12973699,13341806,13727890,14128155,14539612,14962112,15396005,15839269,16289540,16745303,17205289,17670260,18143315
Malaysia,MYS,"Population, total",SP.POP.TOTL,23709119,24208391,24698819,25190652,25690611,26201961,26720370,27236006,27735040,28208035,28650955,29068159,29468872,29866559,30270962,30684804,31105028,31528585
Maldives,MDV,"Population, total",SP.POP.TOTL,286306,294186,302683,311265,319608,327487,335169,343452,353398,365734,380495,397237,415593,435015,454915,475513,496402,515696
Mali,MLI,"Population, total",SP.POP.TOTL,11271600,11616887,11982695,12369070,12775516,13203378,13651464,14113577,14581429,15049353,15514591,15979499,16449864,16934220,17438778,17965429,18512394,19077690
Mauritania,MRT,"Population, total",SP.POP.TOTL,2702400,2778099,2857148,2939247,3024194,3111906,3202517,3296238,3393409,3494195,3598648,3706554,3817494,3930896,4046301,4163534,4282574,4403319
Mauritius,MUS,"Population, total",SP.POP.TOTL,1196287,1204621,1213370,1221003,1228254,1233996,1239630,1244121,1247429,1250400,1252404,1255882,1258653,1260934,1262605,1263473,1264613,1265303
Mexico,MEX,"Population, total",SP.POP.TOTL,100298153,101684758,103081020,104514932,106005203,107560153,109170502,110815271,112463887,114092963,115695473,117274155,118827161,120355128,121858258,123333376,124777324,126190788
Moldova,MDA,"Population, total",SP.POP.TOTL,2917252,2910504,2902320,2895147,2888111,2880095,2873429,2867964,2864346,2861487,2859833,2859458,2858692,2856950,2834530,2802170,2755158,2706049
Mongolia,MNG,"Population, total",SP.POP.TOTL,2419588,2443271,2468762,2496391,2526424,2558856,2593820,2631898,2673796,2719896,2770362,2824699,2881792,2940108,2998439,3056359,3113779,3170208
Montenegro,MNE,"Population, total",SP.POP.TOTL,607389,609828,612267,613353,614261,615025,615875,616969,618294,619428,620079,620601,621207,621810,622159,622303,622373,622227
Morocco,MAR,"Population, total",SP.POP.TOTL,29126330,29454768,29782884,30115214,30455561,30804683,31163673,31536811,31929087,32343389,32781850,33241898,33715693,34192347,34663603,35126296,35581294,36029138
Mozambique,MOZ,"Population, total",SP.POP.TOTL,18221888,18764155,19331100,19910552,20493925,21080110,21673316,22276596,22894710,23531574,24187487,24862648,25560725,26286163,27042002,27829942,28649007,29495962
Myanmar,MMR,"Population, total",SP.POP.TOTL,47225120,47702171,48148902,48564484,48949924,49301050,49621475,49929642,50250367,50600818,50990615,51413698,51852451,52280807,52680726,53045226,53382581,53708395
Namibia,NAM,"Population, total",SP.POP.TOTL,1823672,1851523,1879117,1907745,1938320,1971317,2006514,2043394,2081044,2118874,2156701,2194784,2233510,2273430,2314904,2358041,2402603,2448255
Nepal,NPL,"Population, total",SP.POP.TOTL,24347106,24725627,25080872,25419344,25744500,26066693,26382581,26666576,26883535,27013212,27041437,26989862,26917906,26906926,27015031,27261131,27627124,28087871
Netherlands,NLD,"Population, total",SP.POP.TOTL,16046180,16148929,16225302,16281779,16319868,16346101,16381696,16445593,16530388,16615394,16693074,16754962,16804432,16865008,16939923,17030314,17131296,17231624
New Zealand,NZL,"Population, total",SP.POP.TOTL,3880500,3948500,4027200,4087500,4133900,4184600,4223800,4259800,4302600,4350700,4384000,4408100,4442100,4509700,4595700,4693200,4793900,4841000
Nicaragua,NIC,"Population, total",SP.POP.TOTL,5145366,5219328,5292118,5364935,5438690,5513763,5590055,5667432,5745526,5824065,5903039,5982526,6062454,6142733,6223240,6303974,6384855,6465513
Niger,NER,"Population, total",SP.POP.TOTL,11751365,12189983,12647984,13125916,13624467,14143971,14685399,15250908,15843133,16464025,17114761,17795191,18504255,19240157,20001663,20788838,21602472,22442948
Nigeria,NGA,"Population, total",SP.POP.TOTL,125394046,128596076,131900631,135320422,138865016,142538308,146339977,150269623,154324933,158503197,162805071,167228767,171765769,176404902,181137448,185960289,190873311,195874740
Norway,NOR,"Population, total",SP.POP.TOTL,4513751,4538159,4564855,4591910,4623291,4660677,4709153,4768212,4828726,4889252,4953088,5018573,5079623,5137232,5188607,5234519,5276968,5311916
Oman,OMN,"Population, total",SP.POP.TOTL,2294962,2334858,2386166,2445517,2511251,2580758,2657158,2750963,2876186,3041434,3251108,3498029,3764805,4027260,4267348,4479219,4665935,4829483
Pakistan,PAK,"Population, total",SP.POP.TOTL,145978402,149549700,153093373,156664697,160304008,164022627,167808105,171648986,175525609,179424641,183340592,187281475,191262919,195306825,199426964,203627284,207896686,212215030
Panama,PAN,"Population, total",SP.POP.TOTL,3089648,3149188,3209048,3269356,3330217,3391666,3453675,3516204,3579215,3642687,3706483,3770624,3835437,3901315,3968487,4037078,4106771,4176873
Paraguay,PRY,"Population, total",SP.POP.TOTL,5428444,5531962,5632983,5730549,5824096,5913209,5998427,6081296,6163972,6248020,6333976,6421512,6510276,6599526,6688746,6777872,6867062,6956071
Peru,PER,"Population, total",SP.POP.TOTL,26799285,27100968,27372226,27624213,27866145,28102056,28333052,28562317,28792655,29027674,29264318,29506788,29773987,30090359,30470734,30926032,31444297,31989256
Philippines,PHL,"Population, total",SP.POP.TOTL,79672873,81365258,83051971,84710542,86326250,87888675,89405482,90901965,92414158,93966780,95570047,97212638,98871552,100513138,102113212,103663927,105173264,106651922
Poland,POL,"Population, total",SP.POP.TOTL,38248076,38230364,38204570,38182222,38165445,38141267,38120560,38125759,38151603,38042794,38063255,38063164,38040196,38011735,37986412,37970087,37974826,37974750
Portugal,PRT,"Population, total",SP.POP.TOTL,10362722,10419631,10458821,10483861,10503330,10522288,10542964,10558177,10568247,10573100,10557560,10514844,10457295,10401062,10358076,10325452,10300300,10283822
Qatar,QAT,"Population, total",SP.POP.TOTL,615012,640868,681788,753334,865416,1022711,1218434,1436665,1654950,1856327,2035871,2196074,2336574,2459198,2565710,2654374,2724724,2781677
Romania,ROU,"Population, total",SP.POP.TOTL,22131970,21730496,21574326,21451748,21319685,21193760,20882982,20537875,20367487,20246871,20147528,20058035,19983693,19908979,19815616,19702468,19587491,19466145
Russian Federation,RUS,"Population, total",SP.POP.TOTL,145976083,145306046,144648257,144067054,143518523,143049528,142805088,142742350,142785342,142849449,142960868,143201676,143506911,143819666,144096870,144342396,144496740,144478050
Rwanda,RWA,"Population, total",SP.POP.TOTL,8231156,8427060,8557161,8680524,8840215,9043337,9273757,9524534,9782770,10039338,10293331,10549678,10811543,11083635,11369071,11668818,11980937,12301939
Saudi Arabia,SAU,"Population, total",SP.POP.TOTL,21202642,21805313,22456649,23132682,23816183,24498310,25184597,25888541,26630303,27421461,28267685,29155187,30052518,30916994,31717667,32442572,33099147,33699947
Senegal,SEN,"Population, total",SP.POP.TOTL,10036104,10283699,10541467,10810083,11090116,11382268,11687080,12004701,12335084,12678148,13033809,13401991,13782420,14174731,14578459,14993528,15419381,15854360
Serbia,SRB,"Population, total",SP.POP.TOTL,7503433,7496522,7480591,7463157,7440769,7411569,7381579,7350222,7320807,7291436,7234099,7199077,7164132,7130576,7095383,7058322,7020858,6982604
Seychelles,SYC,"Population, total",SP.POP.TOTL,81202,83723,82781,82475,82858,84600,85033,86956,87298,89770,87441,88303,89949,91359,93419,94677,95843,96762
Sierra Leone,SLE,"Population, total",SP.POP.TOTL,4754072,4965766,5201070,5433991,5645624,5829237,5989633,6133603,6272734,6415634,6563240,6712581,6863980,7017144,7171914,7328838,7488431,7650154
Singapore,SGP,"Population, total",SP.POP.TOTL,4138012,4175950,4114826,4166664,4265762,4401365,4588599,4839396,4987573,5076732,5183688,5312437,5399162,5469724,5535002,5607283,5612253,5638676
Slovak Republic,SVK,"Population, total",SP.POP.TOTL,5378867,5376912,5373374,5372280,5372807,5373054,5374622,5379233,5386406,5391428,5398384,5407579,5413393,5418649,5423801,5430798,5439232,5446771
Slovenia,SVN,"Population, total",SP.POP.TOTL,1992060,1994530,1995733,1997012,2000474,2006868,2018122,2021316,2039669,2048583,2052843,2057159,2059953,2061980,2063531,2065042,2066388,2073894
South Africa,ZAF,"Population, total",SP.POP.TOTL,45571274,46150913,46719196,47291610,47880601,48489459,49119759,49779471,50477011,51216964,52004172,52834005,53689236,54545991,55386367,56203654,57000451,57779622
Spain,ESP,"Population, total",SP.POP.TOTL,40850412,41431558,42187645,42921895,43653155,44397319,45226803,45954106,46362946,46576897,46742697,46773055,46620045,46480882,46444832,46484062,46593236,46796540
Sri Lanka,LKA,"Population, total",SP.POP.TOTL,18911730,19062482,19224037,19387153,19544988,19695972,19842044,19983984,20123508,20261737,20398670,20425000,20585000,20778000,20970000,21203000,21444000,21670000
Sudan,SDN,"Population, total",SP.POP.TOTL,27971082,28704778,29460519,30214193,30949516,31661823,32360621,33060837,33783788,34545013,35349681,36193783,37072550,37977655,38902950,39847440,40813396,41801533
Sweden,SWE,"Population, total",SP.POP.TOTL,8895960,8924958,8958229,8993531,9029572,9080505,9148092,9219637,9298515,9378126,9449213,9519374,9600379,9696110,9799186,9923085,10057698,10175214
Switzerland,CHE,"Population, total",SP.POP.TOTL,7229854,7284753,7339001,7389625,7437115,7483934,7551117,7647675,7743831,7824909,7912398,7996861,8089346,8188649,8282396,8373338,8451840,8513227
Tajikistan,TJK,"Population, total",SP.POP.TOTL,6318513,6426867,6541547,6662389,6789321,6922587,7062672,7209930,7364753,7527394,7697510,7874835,8059769,8252833,8454028,8663579,8880268,9100837
Tanzania,TZA,"Population, total",SP.POP.TOTL,34385856,35334788,36337782,37379767,38450320,39548663,40681414,41853944,43073834,44346525,45673338,47052481,48482266,49959822,51482633,53050790,54663906,56318348
Thailand,THA,"Population, total",SP.POP.TOTL,63539196,64069087,64549866,64995299,65416189,65812536,66182067,66530984,66866839,67195028,67518382,67835957,68144501,68438730,68714511,68971331,69209858,69428524
Timor-Leste,TLS,"Population, total",SP.POP.TOTL,901214,922694,947108,971893,995135,1016432,1036392,1055431,1074277,1093523,1113151,1132994,1153295,1174331,1196302,1219288,1243261,1267972
Togo,TGO,"Population, total",SP.POP.TOTL,5062567,5197031,5330639,5467766,5611640,5762880,5920359,6083420,6250835,6421679,6595943,6773807,6954721,7137997,7323158,7509952,7698475,7889094
Tonga,TON,"Population, total",SP.POP.TOTL,98487,99022,99589,100218,100905,101706,102581,103379,103890,103986,103562,102737,101768,101028,100781,101133,101998,103197
Trinidad and Tobago,TTO,"Population, total",SP.POP.TOTL,1271632,1277213,1283559,1290123,1296502,1302561,1308451,1314443,1320930,1328147,1336178,1344817,1353700,1362342,1370328,1377564,1384072,1389858
Tunisia,TUN,"Population, total",SP.POP.TOTL,9793903,9871251,9945277,10022277,10106771,10201214,10304726,10414433,10525694,10635244,10741880,10847002,10952951,11063201,11179949,11303946,11433443,11565204
Turkey,TUR,"Population, total",SP.POP.TOTL,64192243,65145367,66089402,67010930,67903469,68756810,69581848,70418604,71321399,72326988,73443863,74653016,75928564,77231907,78529409,79821724,81101892,82319724
Uganda,UGA,"Population, total",SP.POP.TOTL,24388968,25167257,25980552,26821297,27684585,28571475,29486338,30431736,31411096,32428167,33476919,34559168,35695246,36912148,38225453,39647506,41162465,42723139
Ukraine,UKR,"Population, total",SP.POP.TOTL,48683865,48202500,47812950,47451600,47105150,46787750,46509350,46258200,46053300,45870700,45706100,45593300,45489600,45271947,45154029,45004645,44831135,44622516
United Arab Emirates,ARE,"Population, total",SP.POP.TOTL,3302719,3478777,3711932,4068570,4588225,5300174,6168838,7089487,7917372,8549988,8946777,9141596,9197910,9214175,9262900,9360980,9487203,9630959
United Kingdom,GBR,"Population, total",SP.POP.TOTL,59119673,59370479,59647577,59987905,60401206,60846820,61322463,61806995,62276270,62766365,63258810,63700215,64128273,64602298,65116219,65611593,66058859,66460344
United States,USA,"Population, total",SP.POP.TOTL,284968955,287625193,290107933,292805298,295516599,298379912,301231207,304093966,306771529,309321666,311556874,313830990,315993715,318301008,320635163,322941311,324985539,326687501
Uruguay,URY,"Population, total",SP.POP.TOTL,3325473,3326040,3323668,3321476,3321803,3325401,3331749,3340221,3349676,3359275,3368934,3378974,3389439,3400434,3412009,3424132,3436646,3449299
Uzbekistan,UZB,"Population, total",SP.POP.TOTL,24964450,25271850,25567650,25864350,26167000,26488250,26868000,27302800,27767400,28562400,29339400,29774500,30243200,30757700,31298900,31847900,32388600,32955400
"Venezuela, RB",VEN,"Population, total",SP.POP.TOTL,24646472,25100408,25551624,25996594,26432447,26850194,27247610,27635832,28031009,28439940,28888369,29362449,29783571,30045134,30081829,29846179,29390409,28870195
Vietnam,VNM,"Population, total",SP.POP.TOTL,80742499,81534407,82301656,83062821,83832661,84617540,85419591,86243413,87092252,87967651,88871561,89802487,90753472,91714595,92677076,93638724,94596642,95540395
"Yemen, Rep.",YEM,"Population, total",SP.POP.TOTL,17918373,18443691,18985000,19540098,20107409,20687646,21282515,21892146,22516460,23154855,23807588,24473178,25147109,25823485,26497889,27168210,27834821,28498687
Zambia,ZMB,"Population, total",SP.POP.TOTL,10692193,10971698,11256743,11550642,11856247,12173514,12502958,12848530,13215139,13605984,14023193,14465121,14926504,15399753,15879361,16363507,16853688,17351822
Zimbabwe,ZWE,"Population, total",SP.POP.TOTL,11923914,11954290,11982224,12019912,12076699,12155491,12255922,12379549,12526968,12697723,12894316,13115131,13350356,13586681,13814629,14030390,14236745,14439018
