Country Name,Country Code,Series Name,Series Code,2001,2002,2003,2004,2005,2006,2007,2008,2009,2010,2011,2012,2013,2014,2015,2016,2017,2018
Afghanistan,AFG,"GDP per capita, PPP (current international $)",NY.GDP.PCAP.PP.CD,,839.4858861,888.15337,885.840819,979.2739786,1031.643135,1176.126357,1218.118215,1454.663015,1637.377987,1626.764793,1806.76393,1874.765634,1897.525938,1886.692977,1896.99252,1934.636754,1955.006208
Albania,ALB,"GDP per capita, PPP (current international $)",NY.GDP.PCAP.PP.CD,4301.352799,4661.371553,4994.518807,5422.778462,5865.306196,6559.783257,7276.302969,8228.374239,8814.810856,9628.025783,10207.75235,10526.23545,10571.01065,11259.22589,11662.03048,11868.17897,12930.14003,13364.1554
Algeria,DZA,"GDP per capita, PPP (current international $)",NY.GDP.PCAP.PP.CD,8480.070459,8981.349267,9682.476035,10234.9309,11022.14747,11380.09442,11897.10382,12218.04739,12294.61249,12655.13741,13046.12851,13482.72112,13823.82823,14326.28301,14711.22085,15036.36415,15207.17915,15481.78762
Angola,AGO,"GDP per capita, PPP (current international $)",NY.GDP.PCAP.PP.CD,3191.266323,3564.096026,3614.607278,3978.697194,4555.185842,5048.876449,5697.251328,6221.423373,6092.783245,6230.297028,6346.395122,6772.528333,6980.423038,7199.245478,7096.600615,6756.935074,6650.58494,6452.355165
Argentina,ARG,"GDP per capita, PPP (current international $)",NY.GDP.PCAP.PP.CD,11514.61911,10310.12912,11307.75798,12527.8005,13916.53051,15334.93686,16994.69598,17850.13019,16753.39489,18524.85676,19817.45048,19764.22501,20365.61335,20008.32064,20551.83319,20130.40803,20843.15507,20610.56855
Armenia,ARM,"GDP per capita, PPP (current international $)",NY.GDP.PCAP.PP.CD,2621.854364,3031.121882,3539.630267,4038.455075,4772.590047,5609.16897,6609.171824,7264.561195,6326.657969,6565.67866,7019.767748,7649.061531,8003.087763,8405.073655,8727.385447,8808.572714,9620.818491,10343.17559
Australia,AUS,"GDP per capita, PPP (current international $)",NY.GDP.PCAP.PP.CD,27336.68269,28718.24108,29693.90591,31327.37749,32575.06925,34306.65231,36560.40565,37459.30765,40300.30823,39324.36895,41965.35842,42826.78958,45902.04795,46880.22066,46276.15069,47305.88002,49628.81181,51663.36509
Austria,AUT,"GDP per capita, PPP (current international $)",NY.GDP.PCAP.PP.CD,29715.22222,31178.69333,32108.63255,33743.04471,35013.71404,37623.07576,39392.54059,41316.22518,40926.52376,42006.04688,44452.73275,46457.34578,47922.04912,48799.71547,49879.26647,51809.51363,53937.06638,55454.68929
Azerbaijan,AZE,"GDP per capita, PPP (current international $)",NY.GDP.PCAP.PP.CD,4082.68233,4504.976485,5018.890056,5581.871258,7290.229953,9989.206473,12724.34834,14047.66019,15162.8878,15884.04479,15754.15236,16193.39567,17216.17853,17808.9019,17973.09067,17417.08669,17525.27963,18044.13678
Bangladesh,BGD,"GDP per capita, PPP (current international $)",NY.GDP.PCAP.PP.CD,1419.137782,1469.845761,1541.185923,1638.916165,1773.888588,1923.417573,2088.720935,2231.689464,2335.918717,2466.902949,2650.729933,2844.702565,3033.404632,3240.885623,3451.398507,3696.776193,3998.419424,4371.754986
Belarus,BLR,"GDP per capita, PPP (current international $)",NY.GDP.PCAP.PP.CD,6483.761082,6962.798228,7644.927706,8809.526945,10005.93725,11409.2556,12781.80909,14409.22188,14580.5808,15927.8747,17166.69564,17807.41774,18298.84706,18949.88244,18389.74375,18098.42286,18915.93989,19994.80408
Belgium,BEL,"GDP per capita, PPP (current international $)",NY.GDP.PCAP.PP.CD,28800.12971,30282.28865,30898.60744,32033.87096,33177.89095,35222.60515,36755.65633,37883.33194,37757.28209,39836.89771,40942.37271,42290.76205,43671.11959,44929.68559,46213.26653,47855.49023,50220.86667,51407.99834
Benin,BEN,"GDP per capita, PPP (current international $)",NY.GDP.PCAP.PP.CD,1384.897282,1428.017897,1459.584662,1518.93259,1546.708441,1609.104674,1701.971136,1769.252435,1773.729771,1781.563317,1820.889304,1891.530388,2006.327881,2114.480315,2122.235592,2169.755807,2276.59573,2424.755845
Bhutan,BTN,"GDP per capita, PPP (current international $)",NY.GDP.PCAP.PP.CD,2865.296749,3161.84584,3406.512427,3641.685222,3968.817637,4317.784502,5181.00986,5472.363625,5822.685951,6517.066344,7097.18994,7513.686888,7712.881979,8108.300979,8705.598204,9392.257873,9860.605042,10167.93406
Bolivia,BOL,"GDP per capita, PPP (current international $)",NY.GDP.PCAP.PP.CD,3546.116063,3623.09177,3721.055939,3909.065039,4134.616513,4386.565455,4629.682798,4925.91967,5045.331273,5228.115329,5524.717798,5825.139985,6231.296345,6593.232982,6882.488916,7147.83921,7480.077141,7873.166243
Bosnia and Herzegovina,BIH,"GDP per capita, PPP (current international $)",NY.GDP.PCAP.PP.CD,4751.117361,5136.520313,5373.142659,6200.620711,6479.660192,7406.347448,8188.589841,9028.865381,9030.464332,9347.583517,9976.479662,10304.01646,11016.58285,11433.16053,12013.9825,12824.03613,13735.0785,14623.67405
Botswana,BWA,"GDP per capita, PPP (current international $)",NY.GDP.PCAP.PP.CD,8574.343766,9076.228393,9506.492466,9849.796995,10421.37193,11401.3476,12409.29787,13158.84871,12007.23239,12964.35144,13838.60282,14558.06641,16310.10289,17092.12224,16724.51778,17314.77444,17784.84904,18615.79334
Brazil,BRA,"GDP per capita, PPP (current international $)",NY.GDP.PCAP.PP.CD,9274.24759,9581.992836,9747.941038,10460.55063,11004.95618,11659.39278,12568.1979,13332.14386,13288.43548,14320.36869,15061.95319,15506.55426,16111.44268,16358.39077,15813.85544,15331.54852,15662.24047,16096.40096
Bulgaria,BGR,"GDP per capita, PPP (current international $)",NY.GDP.PCAP.PP.CD,6908.956055,7726.400977,8343.138854,9122.849554,10211.27988,11313.55081,12800.81668,14328.98986,14146.1069,14934.13274,15676.13334,16208.22043,16571.02876,17534.30326,18186.48723,19500.32945,20948.19428,21960.36994
Burkina Faso,BFA,"GDP per capita, PPP (current international $)",NY.GDP.PCAP.PP.CD,906.0727906,933.2403657,995.4642409,1037.231644,1128.295648,1198.756926,1261.982902,1339.245523,1348.005973,1394.2531,1472.715841,1550.630684,1620.205369,1672.023437,1704.859643,1772.848279,1866.514733,1984.884306
Burundi,BDI,"GDP per capita, PPP (current international $)",NY.GDP.PCAP.PP.CD,582.4678169,601.5297558,587.2425099,612.4744378,617.0619445,648.7489871,666.8755949,689.7486433,698.1735533,718.7144691,739.219255,762.4224795,788.8937827,812.0300436,764.1957633,743.9035976,737.9785829,744.182072
Cabo Verde,CPV,"GDP per capita, PPP (current international $)",NY.GDP.PCAP.PP.CD,3183.819402,3348.349609,3497.853193,3900.335986,4240.265086,4655.64533,5437.709911,5841.058767,5741.218207,5821.739805,6102.412164,6207.361424,6285.969823,6362.960401,6415.612462,6709.109916,7005.958684,7454.063917
Cambodia,KHM,"GDP per capita, PPP (current international $)",NY.GDP.PCAP.PP.CD,1185.433252,1259.813705,1368.700893,1525.928724,1754.171137,1971.563042,2198.292175,2355.903624,2340.558567,2470.704155,2658.062552,2860.146734,3073.318143,3300.61675,3513.82356,3742.958793,4019.679985,4360.854404
Cameroon,CMR,"GDP per capita, PPP (current international $)",NY.GDP.PCAP.PP.CD,2119.058927,2184.982452,2265.805853,2418.58814,2476.299312,2568.442478,2691.89729,2762.942018,2767.974836,2817.572722,2914.237667,3021.4092,3153.682358,3311.734005,3442.73448,3546.54456,3644.801096,3785.079978
Canada,CAN,"GDP per capita, PPP (current international $)",NY.GDP.PCAP.PP.CD,30107.65694,30853.20132,32225.05212,33796.9992,36211.0846,37999.0386,39439.80689,40275.9899,38797.38505,40012.3914,41569.44962,42189.19611,44188.73171,45645.5643,44567.86635,45011.64317,46723.31776,48130.25597
Central African Republic,CAF,"GDP per capita, PPP (current international $)",NY.GDP.PCAP.PP.CD,706.6981799,728.1662565,687.3649048,733.3177346,748.1942658,791.9856238,834.5316894,852.9298062,919.4085589,962.2919722,1016.218552,1083.689925,699.5928807,710.8121645,744.7345426,780.9055326,821.2162029,859.9356196
Chad,TCD,"GDP per capita, PPP (current international $)",NY.GDP.PCAP.PP.CD,866.9534573,919.30299,1033.579668,1365.774154,1593.191325,1595.093799,1635.096706,1661.636622,1688.082282,1875.557261,1852.938156,1988.064823,2067.796467,2179.247741,2191.741795,2012.817316,1929.472752,1968.258262
Chile,CHL,"GDP per capita, PPP (current international $)",NY.GDP.PCAP.PP.CD,9972.651027,10333.06363,10841.32389,11812.63501,12746.58339,15753.96299,16941.83598,16501.80692,16159.60523,18161.80392,20342.57092,21507.7074,22439.27836,22786.6556,22688.01003,22874.14942,24248.86076,25222.52778
China,CHN,"GDP per capita, PPP (current international $)",NY.GDP.PCAP.PP.CD,3227.419438,3553.923793,3958.471977,4449.561919,5081.049041,5867.796877,6847.069623,7615.029533,8352.689933,9303.7337,10355.49571,11328.28171,12361.39797,13446.40239,14454.99797,15513.27304,16782.20776,18236.61298
Colombia,COL,"GDP per capita, PPP (current international $)",NY.GDP.PCAP.PP.CD,6848.278541,7022.739601,7324.400853,7811.230086,8320.569299,9036.314249,9792.902952,10188.01706,10274.48986,10732.74905,11650.19949,12226.28584,12891.37931,13618.12436,14006.15358,14259.6093,14507.26125,15012.93027
Comoros,COM,"GDP per capita, PPP (current international $)",NY.GDP.PCAP.PP.CD,1939.276549,1967.64432,1998.168463,2042.269826,2114.657068,2183.490414,2206.559329,2283.896913,2318.430196,2376.538886,2465.324918,2531.037977,2627.3439,2668.895231,2664.270877,2719.296174,2812.034747,2913.387306
"Congo, Rep.",COG,"GDP per capita, PPP (current international $)",NY.GDP.PCAP.PP.CD,3790.96904,3914.89949,3906.125177,4028.312196,4337.194228,4591.995561,4483.926647,4663.011862,4886.383669,5214.502782,5353.804296,5518.967422,5667.595799,6017.671947,6089.839655,5833.995644,5614.398974,5662.063411
Costa Rica,CRI,"GDP per capita, PPP (current international $)",NY.GDP.PCAP.PP.CD,8089.579389,8349.671125,8732.228946,9220.889154,9737.088813,10609.50688,11625.93049,12240.57907,12058.52382,12644.69665,13302.92828,14041.99378,14445.89836,15067.31118,15610.87955,16278.6019,16976.18742,17671.09535
Cote d'Ivoire,CIV,"GDP per capita, PPP (current international $)",NY.GDP.PCAP.PP.CD,2376.207237,2321.401906,2283.588006,2324.958116,2387.621825,2443.851599,2498.335894,2553.838041,2596.897477,2618.31892,2495.495125,2747.900523,2970.202338,3211.099745,3444.4498,3665.550486,3921.713336,4207.086934
Croatia,HRV,"GDP per capita, PPP (current international $)",NY.GDP.PCAP.PP.CD,11613.48393,12647.63913,13550.17297,14534.45224,15303.86262,17431.30471,19354.98219,20776.44815,19998.68469,19761.48491,20743.50638,21136.4033,21769.27996,22062.0257,23013.62205,24511.89485,26351.90704,27579.78083
Cyprus,CYP,"GDP per capita, PPP (current international $)",NY.GDP.PCAP.PP.CD,22871.38367,23556.41393,24252.8976,25921.20444,27763.17739,29984.18506,32849.94104,34824.08299,33888.28523,33230.79894,33192.3369,31914.68342,30620.86215,30390.60807,31578.35443,33682.47908,36155.48075,..
Czech Republic,CZE,"GDP per capita, PPP (current international $)",NY.GDP.PCAP.PP.CD,17554.48772,18189.23435,19426.08513,20799.15764,21956.38386,23776.48706,26124.89545,27844.79533,27599.30086,27667.4329,28797.41796,29047.24644,30485.71415,32263.31575,33691.42424,35230.52246,38019.58051,39743.59709
Denmark,DNK,"GDP per capita, PPP (current international $)",NY.GDP.PCAP.PP.CD,29449.6194,30640.34562,30786.24895,32908.68079,34150.15946,37295.65935,38968.5154,41278.32683,40339.67713,42999.61614,44403.38484,44803.96824,46726.85414,47901.44736,49058.50107,50877.44729,54282.54774,55671.16527
Dominican Republic,DOM,"GDP per capita, PPP (current international $)",NY.GDP.PCAP.PP.CD,6803.998794,7117.697385,7051.023517,7324.228267,8152.859622,9049.39913,9853.171718,10236.54484,10283.16147,11132.93764,11580.56878,11979.70226,12634.96457,13623.11821,14555.74119,15519.61682,16370.95618,17748.18532
Ecuador,ECU,"GDP per capita, PPP (current international $)",NY.GDP.PCAP.PP.CD,6110.458846,6348.924913,6530.517214,7135.985853,7619.033946,8059.131304,8316.568167,8868.937591,8841.984389,9114.338328,9883.580029,10483.13413,11028.42904,11484.17161,11431.99158,11222.07849,11501.01029,11734.38739
"Egypt, Arab Rep.",EGY,"GDP per capita, PPP (current international $)",NY.GDP.PCAP.PP.CD,6199.410071,6327.810798,6528.675327,6852.14983,7249.452566,7839.842257,8471.343487,9091.000665,9411.304969,9814.298455,9982.845702,10172.98306,10340.54214,10601.16669,10938.86186,11294.24924,11742.05009,12412.3094
El Salvador,SLV,"GDP per capita, PPP (current international $)",NY.GDP.PCAP.PP.CD,4573.706426,4691.691143,4827.613517,4977.067139,5246.379551,5614.58149,5847.272164,6088.377821,5981.526531,6152.394745,6492.63255,6773.622435,7014.692142,7236.117362,7453.429732,7686.143937,7972.782895,8331.804142
Equatorial Guinea,GNQ,"GDP per capita, PPP (current international $)",NY.GDP.PCAP.PP.CD,13945.636,16236.60098,18069.89933,24525.86524,28241.92807,29941.85897,33840.551,38790.90398,37820.95481,33294.6535,34622.11627,36576.09043,34180.71153,33542.76508,29592.37967,26232.13378,24532.952,22743.82443
Eritrea,ERI,"GDP per capita, PPP (current international $)",NY.GDP.PCAP.PP.CD,2121.702039,2124.888346,2009.73975,2002.327942,2037.792855,2013.889196,2042.664795,1838.043016,1888.61518,1921.43479,2102.95406,,,,,,,
Estonia,EST,"GDP per capita, PPP (current international $)",NY.GDP.PCAP.PP.CD,10326.17942,11670.36527,13122.83916,14521.29779,16624.91204,19313.26424,22170.25226,22830.09032,20597.93347,21796.6101,24780.97878,26190.55295,27642.58537,29135.7044,29397.12984,30913.20512,33675.45771,35973.77646
Eswatini,SWZ,"GDP per capita, PPP (current international $)",NY.GDP.PCAP.PP.CD,5025.168164,5299.747508,5587.107921,5925.264297,6449.37007,7005.219336,7465.187626,7619.630479,7742.410725,8073.511731,8370.819097,8930.862562,9373.003028,9565.531582,9810.545675,9953.995477,10249.51169,10637.84173
Ethiopia,ETH,"GDP per capita, PPP (current international $)",NY.GDP.PCAP.PP.CD,531.5337939,532.6266218,515.8733033,584.8968669,655.7866987,728.390516,811.0642774,891.2764327,950.5543294,1052.606672,1161.581434,1250.351222,1367.714144,1494.112052,1621.706726,1746.16277,1897.249077,2022.137961
Fiji,FJI,"GDP per capita, PPP (current international $)",NY.GDP.PCAP.PP.CD,5517.36059,5774.530237,5934.624538,6403.401963,6618.784842,6892.836695,6947.961986,7078.627366,6965.538944,7202.758363,7520.373655,7758.218769,8262.957312,8882.388365,9372.542337,9670.841001,10329.43879,10879.47846
Finland,FIN,"GDP per capita, PPP (current international $)",NY.GDP.PCAP.PP.CD,27807.31978,28605.12232,29019.3104,31173.32308,32051.794,34419.38065,37801.78453,40083.69727,37980.06516,38953.3576,40916.83858,40873.09533,41493.14165,41757.40219,42535.47517,44015.52992,46735.41074,48416.93603
France,FRA,"GDP per capita, PPP (current international $)",NY.GDP.PCAP.PP.CD,27501.54241,28523.88573,28141.4614,29034.00071,30498.57929,32434.86026,34088.36008,35095.26296,34685.1738,35900.04557,37440.63863,37679.12178,39523.85395,40141.58548,40833.24207,42047.28724,44255.94164,45342.39574
Gabon,GAB,"GDP per capita, PPP (current international $)",NY.GDP.PCAP.PP.CD,14453.96722,14301.43243,14537.38852,14655.94539,15106.77815,14708.23376,15549.51322,14863.56838,14514.77299,15190.41441,16011.1245,16536.56596,17116.34365,17548.27129,17819.55959,17839.8973,17762.40864,17875.76115
"Gambia, The",GMB,"GDP per capita, PPP (current international $)",NY.GDP.PCAP.PP.CD,2045.715869,1947.272525,2052.939391,2186.559451,2134.310336,2121.13587,2178.153538,2290.386246,2389.549038,2484.669168,2261.049017,2352.808421,2389.253928,2328.650876,2376.478914,2377.042244,2464.773716,2612.000995
Georgia,GEO,"GDP per capita, PPP (current international $)",NY.GDP.PCAP.PP.CD,3190.188485,3448.844072,3927.811153,4293.788083,4883.042305,5536.086757,6433.362023,6737.558439,6599.447428,7145.520193,7897.696255,8627.623156,9122.490656,9699.506341,10081.43513,10480.96562,11191.33618,12004.57383
Germany,DEU,"GDP per capita, PPP (current international $)",NY.GDP.PCAP.PP.CD,28380.38412,29178.63747,29875.02793,31305.28794,31794.09601,34124.87427,36252.41196,37802.38743,36823.38028,38949.54976,42541.53109,43359.61483,44993.89275,47011.55109,47683.7886,49516.08269,52055.30995,53074.54012
Ghana,GHA,"GDP per capita, PPP (current international $)",NY.GDP.PCAP.PP.CD,1831.441011,1897.129518,1983.476478,2098.15671,2234.201454,2387.358547,2492.897985,2703.302627,2784.138279,2964.43112,3368.800837,3664.600153,3909.669523,4006.186475,4044.413369,4135.645,4457.355846,4746.684995
Greece,GRC,"GDP per capita, PPP (current international $)",NY.GDP.PCAP.PP.CD,20963.56036,22615.93565,23870.1601,25437.26843,25577.52408,28519.53894,29291.92369,30856.01183,30365.39993,28148.42242,26141.31959,25284.46408,26097.8719,26838.45523,26902.52532,27273.93458,28579.79453,29592.15242
Guatemala,GTM,"GDP per capita, PPP (current international $)",NY.GDP.PCAP.PP.CD,4935.712795,5086.550786,5188.204053,5368.507328,5585.650725,5928.026112,6327.75499,6516.890988,6458.253034,6576.668609,6844.540528,7031.531311,7264.853827,7552.717983,7788.497934,7955.320011,8166.857467,8462.374008
Guinea,GIN,"GDP per capita, PPP (current international $)",NY.GDP.PCAP.PP.CD,1253.416761,1312.646354,1327.887063,1368.553326,1424.147685,1453.004181,1558.614436,1617.117614,1574.663204,1632.386304,1721.451359,1817.852602,1880.238514,1940.634943,1986.353057,2167.282392,2369.51917,2504.869745
Guinea-Bissau,GNB,"GDP per capita, PPP (current international $)",NY.GDP.PCAP.PP.CD,1147.826788,1129.327752,1130.831277,1165.917433,1224.222269,1259.812383,1303.724633,1338.110142,1358.998261,1401.692456,1506.695312,1469.805044,1503.745886,1506.589514,1574.461164,1648.438332,1734.714909,1799.067891
Haiti,HTI,"GDP per capita, PPP (current international $)",NY.GDP.PCAP.PP.CD,1355.931003,1351.106112,1358.553498,1324.113894,1367.599877,1417.629644,1480.52853,1498.199674,1532.1101,1478.736255,1569.198158,1621.371471,1695.141608,1750.202933,1766.044239,1787.159403,1818.606695,1866.617589
Honduras,HND,"GDP per capita, PPP (current international $)",NY.GDP.PCAP.PP.CD,2686.72693,2759.212445,2865.039618,3049.733773,3256.300176,3493.06359,3723.884307,3871.469391,3726.826149,3832.54541,3984.497267,4150.265868,4263.120157,4398.096634,4536.135356,4683.126696,4916.723792,5138.752457
"Hong Kong SAR, China",HKG,"GDP per capita, PPP (current international $)",NY.GDP.PCAP.PP.CD,27613.41243,28388.88501,29858.75065,33071.36409,36461.38319,39949.13935,43300.43427,44813.10793,43949.60279,47123.34339,50085.95933,51344.50705,53649.88933,55781.77367,57235.19123,58755.32006,61713.41554,64596.56385
Hungary,HUN,"GDP per capita, PPP (current international $)",NY.GDP.PCAP.PP.CD,13213.44527,14526.38826,15464.17155,16228.92055,17073.55143,18342.71523,19045.80841,20696.72857,20678.06831,21569.89008,22894.34764,23148.12788,24498.17916,25604.98821,26668.04088,27171.15945,29159.12645,31102.50275
Iceland,ISL,"GDP per capita, PPP (current international $)",NY.GDP.PCAP.PP.CD,31775.15843,32524.02325,32619.35874,35608.06946,37233.19629,39093.95196,41160.23651,43318.35275,41905.36603,39576.97124,40767.23641,41926.34194,44157.55246,45714.89381,48728.09936,52582.29385,55322.09013,57303.06078
India,IND,"GDP per capita, PPP (current international $)",NY.GDP.PCAP.PP.CD,2270.718563,2354.2651,2544.112251,2774.420858,3039.128698,3331.592127,3628.001338,3757.289184,4026.380833,4360.15405,4624.561404,4909.584076,5252.272397,5682.731285,6133.887015,6634.844574,7168.992484,7762.88177
Indonesia,IDN,"GDP per capita, PPP (current international $)",NY.GDP.PCAP.PP.CD,4827.438785,5055.355834,5323.104507,5664.893913,6091.922453,6534.07551,7041.486994,7510.100118,7813.090106,8284.501294,8859.139998,9444.948401,10009.66548,10570.19504,11063.06221,11604.52525,12279.18328,13079.6193
"Iran, Islamic Rep.",IRN,"GDP per capita, PPP (current international $)",NY.GDP.PCAP.PP.CD,10713.58315,11528.77068,12611.46551,13355.14302,14045.20849,15023.08444,16501.97427,16681.79497,16791.05888,17767.50221,18400.90629,17149.73922,17202.3003,18101.7763,17817.63647,20150.32226,21011.28831,..
Iraq,IRQ,"GDP per capita, PPP (current international $)",NY.GDP.PCAP.PP.CD,9861.520265,9055.551154,5999.130991,9255.53032,9738.639139,10840.81758,11098.13138,12040.24597,12287.72965,12884.90384,13693.97637,15320.88647,16133.56524,15950.19629,15981.31509,18085.87647,17519.05422,17435.85393
Ireland,IRL,"GDP per capita, PPP (current international $)",NY.GDP.PCAP.PP.CD,32546.09148,35212.09472,36237.77128,38669.20414,40437.77458,44204.9969,46759.71484,44283.73011,41621.71832,43295.01791,44855.3247,46256.56888,47897.29166,51067.97671,69056.04604,70522.22592,77596.35505,83203.39468
Israel,ISR,"GDP per capita, PPP (current international $)",NY.GDP.PCAP.PP.CD,24918.00428,25224.87874,23821.5451,25224.36448,24831.44992,25678.71429,27487.84462,27433.06349,27501.29414,28861.93991,30539.96337,31693.91787,34145.7126,34212.94449,35436.81087,37463.19908,38866.1107,39919.16965
Italy,ITA,"GDP per capita, PPP (current international $)",NY.GDP.PCAP.PP.CD,28045.44843,28736.57711,29164.59527,29527.79094,30130.64446,32419.93615,34108.20429,35523.27131,34610.03145,35155.66806,36598.01497,36486.29679,36314.6971,36194.87392,36909.32837,39178.4,41200.02872,41830.42633
Jamaica,JAM,"GDP per capita, PPP (current international $)",NY.GDP.PCAP.PP.CD,6495.147003,6684.32279,7014.854567,7257.340316,7508.988192,7918.879434,8206.866186,8257.870394,7920.231105,7853.974864,8112.12923,8170.129002,8306.755236,8473.743427,8595.88659,8763.300248,8974.33982,9326.664059
Japan,JPN,"GDP per capita, PPP (current international $)",NY.GDP.PCAP.PP.CD,27472.54712,28160.10761,28924.68216,30348.04197,31663.4531,33090.19626,34501.50901,34798.7659,33198.61611,34986.99454,35774.69671,37191.38595,38974.07949,39179.15561,40396.24321,41118.07804,41958.96216,42797.45852
Jordan,JOR,"GDP per capita, PPP (current international $)",NY.GDP.PCAP.PP.CD,6142.842663,6476.612526,6724.043386,7300.219009,7879.095022,8443.677235,8983.913039,9369.884496,9471.843568,9306.488797,9235.879132,9151.732473,9093.010015,9123.978709,9089.006864,9092.954278,9241.513754,9478.904588
Kazakhstan,KAZ,"GDP per capita, PPP (current international $)",NY.GDP.PCAP.PP.CD,9200.784457,10261.83496,11386.11323,12726.39944,14268.33754,16101.83296,17801.14353,18519.2511,18392.88499,19685.35171,21276.93402,22407.98331,23823.88613,24924.37021,25123.31799,25314.86554,26490.84377,27879.75195
Kenya,KEN,"GDP per capita, PPP (current international $)",NY.GDP.PCAP.PP.CD,1722.772066,1712.506831,1747.464545,1835.481863,1950.28767,2081.164298,2221.122812,2207.642032,2235.680111,2385.992645,2515.927471,2610.737996,2740.02864,2867.10191,2988.073282,3121.830489,3258.154499,3467.556478
"Korea, Rep.",KOR,"GDP per capita, PPP (current international $)",NY.GDP.PCAP.PP.CD,19168.21512,20775.10514,21376.76617,22936.81163,24196.42385,25820.97163,27822.27653,28655.98352,28325.2093,30365.27837,31228.5107,32097.164,32615.77259,33587.5834,35760.73444,37142.8329,38824.11539,40111.77576
Kuwait,KWT,"GDP per capita, PPP (current international $)",NY.GDP.PCAP.PP.CD,55831.35461,57502.26456,67935.05515,75549.67174,83521.9999,88482.98358,91290.71514,89916.47335,79265.59307,73817.97698,78021.67168,80209.81453,78399.24717,76703.31167,75042.14197,75689.27575,71695.56421,72897.56235
Kyrgyz Republic,KGZ,"GDP per capita, PPP (current international $)",NY.GDP.PCAP.PP.CD,1759.989812,1771.185889,1910.77178,2074.835594,2111.757152,2219.185786,2449.999653,2681.893434,2746.972069,2733.079268,2920.60321,2921.603783,3232.128754,3356.983448,3453.360746,3567.812684,3733.606138,3884.708809
Lao PDR,LAO,"GDP per capita, PPP (current international $)",NY.GDP.PCAP.PP.CD,2105.342745,2230.725003,2373.963598,2553.684695,2776.517672,3056.927319,3321.339336,3589.502001,3823.692269,4130.547187,4485.181127,4863.791732,5267.284644,5689.82855,6075.952799,6473.243696,6942.238417,7439.59936
Latvia,LVA,"GDP per capita, PPP (current international $)",NY.GDP.PCAP.PP.CD,9018.397415,10052.62273,11010.88527,12199.16411,13836.84355,15745.10313,18127.15673,19466.14509,16924.03115,17587.34596,19789.4764,21291.1197,22692.85344,23844.22612,24830.93429,25875.98735,28115.34769,30304.8525
Lebanon,LBN,"GDP per capita, PPP (current international $)",NY.GDP.PCAP.PP.CD,8632.385929,8654.47792,8672.163654,9091.163179,9366.765445,9688.656235,10860.92089,12102.83681,13286.61257,14111.19139,13841.53501,13610.88835,13309.01995,13049.03296,12695.41014,12693.56418,12813.86955,13081.10746
Lesotho,LSO,"GDP per capita, PPP (current international $)",NY.GDP.PCAP.PP.CD,1377.59123,1413.615276,1514.086085,1590.942832,1705.716887,1837.356205,1980.900154,2155.306978,2215.177375,2378.563578,2578.639634,2767.67561,2857.768834,2972.012946,3062.068836,3170.578608,3132.495534,3219.457157
Liberia,LBR,"GDP per capita, PPP (current international $)",NY.GDP.PCAP.PP.CD,1063.610813,1094.849374,765.7607838,791.8993006,837.6613236,901.3154509,974.9193196,1021.823984,1041.945486,1078.946046,1154.40937,1234.280819,1329.049283,1328.913111,1309.269565,1269.886223,1293.415934,1308.629536
Libya,LBY,"GDP per capita, PPP (current international $)",NY.GDP.PCAP.PP.CD,17230.91106,17060.31866,19326.376,20406.82756,23181.26796,25053.9574,26958.63336,27825.07083,27474.49038,28890.36545,11096.15636,25080.96838,21929.50351,16870.48513,15403.57322,14964.52288,19056.8043,20764.16414
Lithuania,LTU,"GDP per capita, PPP (current international $)",NY.GDP.PCAP.PP.CD,9451.636523,10494.35179,12067.65917,13031.50054,14526.0824,16484.59202,19095.43677,20744.12753,18145.85292,20039.01002,22823.91839,24645.56909,26680.03416,28156.13581,28823.81289,30334.19087,33314.74037,35461.3591
Madagascar,MDG,"GDP per capita, PPP (current international $)",NY.GDP.PCAP.PP.CD,1407.821118,1211.285973,1314.210686,1378.740509,1443.840549,1517.271503,1608.135453,1700.21266,1599.214903,1583.036118,1596.89409,1631.312329,1652.671039,1693.795099,1718.597532,1758.845163,1813.515493,1891.320668
Malawi,MWI,"GDP per capita, PPP (current international $)",NY.GDP.PCAP.PP.CD,665.8978472,671.3882915,705.6155993,745.1582906,773.116299,811.5953094,888.2018943,947.2435231,1004.660758,1055.49399,1097.942135,1107.97055,1152.848569,1207.29441,1220.229587,1230.416571,1269.644595,1310.995555
Malaysia,MYS,"GDP per capita, PPP (current international $)",NY.GDP.PCAP.PP.CD,13037.70037,13670.03764,14437.40671,15522.70405,16531.59892,17632.1306,18872.82195,19787.69915,19283.45231,20605.20111,21806.82279,23105.07529,24279.37169,25875.50267,27116.57626,28246.75055,30025.17655,31782.15336
Maldives,MDV,"GDP per capita, PPP (current international $)",NY.GDP.PCAP.PP.CD,7472.464508,7924.279814,8923.529345,9448.786658,8242.991429,10452.27422,11296.00956,12303.97044,11177.85596,11720.52813,12486.44691,12496.42826,13039.04792,13622.88572,13546.05023,13931.36278,14523.99637,15307.72194
Mali,MLI,"GDP per capita, PPP (current international $)",NY.GDP.PCAP.PP.CD,1335.566578,1357.257746,1462.478263,1477.634673,1571.587683,1639.719328,1685.393542,1741.249136,1777.690079,1836.816217,1877.892828,1842.686602,1863.367757,1974.217655,2053.128574,2131.589703,2221.757886,2316.6552
Mauritania,MRT,"GDP per capita, PPP (current international $)",NY.GDP.PCAP.PP.CD,2288.067066,2275.961576,2388.844886,2521.691232,2753.877366,3277.513188,3362.484972,3366.393023,3260.58864,3356.361346,3483.522101,3646.727568,3822.312546,3993.317015,3937.947108,3940.244577,4023.499238,4150.965246
Mauritius,MUS,"GDP per capita, PPP (current international $)",NY.GDP.PCAP.PP.CD,9407.27454,9643.218155,10329.29675,10997.50266,11473.50702,12338.18105,13334.33017,14274.27438,14820.49866,15612.29342,16561.77098,17421.14502,18282.22808,19290.69193,20162.99668,21151.24777,22355.19052,23750.98804
Mexico,MEX,"GDP per capita, PPP (current international $)",NY.GDP.PCAP.PP.CD,11129.86896,11187.47762,11482.44959,12085.7618,12657.63719,13808.17762,14290.06724,14924.82175,14558.24481,15260.62055,16520.25851,17162.92752,17373.89702,18045.98446,18284.88284,18783.16158,19423.92769,19844.64567
Moldova,MDA,"GDP per capita, PPP (current international $)",NY.GDP.PCAP.PP.CD,2429.72802,2666.845803,2903.817694,3210.597016,3567.570266,3862.678175,4094.912562,4508.754038,4275.933379,4637.516516,5012.742008,5079.416347,5637.502408,6035.022647,6082.841894,6424.371154,6858.891958,7271.641919
Mongolia,MNG,"GDP per capita, PPP (current international $)",NY.GDP.PCAP.PP.CD,3861.572885,4068.489678,4388.534427,4930.358646,5387.888859,5949.514034,6644.628515,7270.048778,7119.208251,7530.75353,8853.125419,9939.570296,11068.45656,11925.8134,12100.12735,12140.84709,12791.57934,13799.90485
Montenegro,MNE,"GDP per capita, PPP (current international $)",NY.GDP.PCAP.PP.CD,6773.144226,7100.282774,7332.728503,7835.159297,8313.65688,10447.90074,12447.2825,13816.61796,13024.77202,13634.99696,14472.45826,13863.88105,14870.22694,15371.1069,16337.25379,17866.47225,19355.01984,20689.98675
Morocco,MAR,"GDP per capita, PPP (current international $)",NY.GDP.PCAP.PP.CD,3873.407176,4009.185551,4276.012573,4547.823685,4787.233945,5243.914739,5509.929878,5879.26095,6099.692766,6324.152955,6703.876831,6940.434737,7278.362142,7507.240831,7822.968048,7890.997167,8261.060852,8586.6387
Mozambique,MOZ,"GDP per capita, PPP (current international $)",NY.GDP.PCAP.PP.CD,561.2486948,605.0869388,639.6857231,688.3647277,735.376635,808.0249408,869.4162049,925.1805404,964.3353336,1010.752656,1078.208603,1146.642098,1213.929695,1291.74681,1354.391906,1381.315497,1418.485398,1459.698413
Myanmar,MMR,"GDP per capita, PPP (current international $)",NY.GDP.PCAP.PP.CD,1154.626473,1300.795797,1494.384325,1727.868284,2007.514098,2322.057579,2653.118882,2963.697788,3280.274594,3613.019143,3864.959768,4193.132339,4587.086831,5005.999653,5372.241161,5709.871361,6172.392649,6674.028647
Namibia,NAM,"GDP per capita, PPP (current international $)",NY.GDP.PCAP.PP.CD,5293.947383,5550.438276,5806.673404,6594.173668,6861.588443,7442.555097,7911.929266,8130.123186,8067.700206,8500.097148,8959.515893,9427.082267,9955.453108,10598.66867,11160.37964,11200.42787,11104.41938,11101.82628
Nepal,NPL,"GDP per capita, PPP (current international $)",NY.GDP.PCAP.PP.CD,1279.532443,1281.411281,1337.483006,1418.660868,1494.627788,1571.99503,1649.306356,1765.030528,1844.102817,1946.058721,2052.547197,2196.118851,2333.145473,2520.689553,2621.766575,2641.971128,2874.983331,3089.556352
Netherlands,NLD,"GDP per capita, PPP (current international $)",NY.GDP.PCAP.PP.CD,33194.04609,34447.20532,34111.80335,35777.15324,37625.56171,40971.26076,43896.7387,46420.20168,44566.0619,45040.31808,46599.02103,47272.10302,49241.51784,49233.2154,50302.06775,51338.57326,54503.08193,56328.94114
New Zealand,NZL,"GDP per capita, PPP (current international $)",NY.GDP.PCAP.PP.CD,22500.47759,23306.27954,23967.42075,25080.47246,25677.41908,27758.16574,29385.89572,29860.52773,30699.66202,31253.0536,32734.53667,32986.18289,36219.42401,37260.6294,37475.17836,39122.54213,40438.57095,41005.42087
Nicaragua,NIC,"GDP per capita, PPP (current international $)",NY.GDP.PCAP.PP.CD,2817.618872,2842.900823,2927.856377,3123.423668,3313.09333,3506.683287,3732.018183,3881.592411,3730.984825,3887.787537,4163.256335,4458.726178,4697.737392,4950.081248,5174.972123,5400.248939,5687.231512,5533.551064
Niger,NER,"GDP per capita, PPP (current international $)",NY.GDP.PCAP.PP.CD,633.9734318,639.4484554,661.008422,654.7420992,679.7015488,713.6738644,728.0355856,783.1968713,754.2540731,795.6828256,799.258376,876.2759995,902.6625995,951.1605867,964.8380788,984.6831336,1012.859196,1063.421841
Nigeria,NGA,"GDP per capita, PPP (current international $)",NY.GDP.PCAP.PP.CD,2578.21048,2945.251781,3139.679071,3433.443947,3672.153889,3909.120916,4167.553703,4417.395066,4682.435935,4981.358232,5213.837194,5392.096403,5698.166678,6009.989453,6072.477295,5882.98734,5887.573078,5990.850432
Norway,NOR,"GDP per capita, PPP (current international $)",NY.GDP.PCAP.PP.CD,37780.10051,37980.35398,38550.95539,42511.17645,47797.52995,54104.28927,55876.50392,61716.59971,55375.57628,57915.01937,62076.74066,65354.77925,66961.2531,65892.68928,60385.11676,57744.27451,62012.40776,65510.58527
Oman,OMN,"GDP per capita, PPP (current international $)",NY.GDP.PCAP.PP.CD,36916.87265,36454.36055,35363.22896,35891.78174,36938.61607,39020.84471,40649.82056,43309.56224,44291.07489,44408.58742,41942.12056,43436.87778,42862.89365,41950.78764,41911.08648,42375.54543,41563.63827,41859.93448
Pakistan,PAK,"GDP per capita, PPP (current international $)",NY.GDP.PCAP.PP.CD,2750.394675,2815.116141,2936.770126,3164.243422,3433.223613,3670.481818,3862.100588,3914.611952,3966.565219,3988.656725,4094.527112,4228.513001,4398.38123,4593.96424,4762.296721,4975.654395,5241.938741,5567.055608
Panama,PAN,"GDP per capita, PPP (current international $)",NY.GDP.PCAP.PP.CD,8522.941831,8683.41252,9044.711519,9802.658752,10636.88888,11691.26125,13202.65612,14523.04302,14554.83079,15311.02913,17099.81883,18806.56302,20111.95122,21167.17679,22237.09305,23195.81113,24472.00985,25553.69671
Paraguay,PRY,"GDP per capita, PPP (current international $)",NY.GDP.PCAP.PP.CD,6313.615515,6292.121243,6565.983676,6896.878338,7146.774004,7600.70403,8111.137929,8674.8955,8601.540165,9541.371804,10016.77037,10015.48605,10898.44902,11486.94437,11807.77259,12287.98588,12971.68385,13599.92656
Peru,PER,"GDP per capita, PPP (current international $)",NY.GDP.PCAP.PP.CD,5193.024653,5500.92409,5778.612059,6171.598136,6705.08808,7365.736619,8140.979682,8984.079457,9078.556657,9869.070416,10626.07713,11400.33573,12169.12008,12561.24545,12944.82234,13403.44727,13771.45995,14418.07067
Philippines,PHL,"GDP per capita, PPP (current international $)",NY.GDP.PCAP.PP.CD,3459.885946,3566.98384,3736.355692,4013.774343,4255.375298,4531.986252,4877.472739,5093.578334,5106.399206,5468.305507,5689.760941,6081.936667,6514.667171,6930.764463,7313.409805,7784.136699,8340.331331,8951.085654
Poland,POL,"GDP per capita, PPP (current international $)",NY.GDP.PCAP.PP.CD,11101.97471,11781.05635,12257.14487,13341.1,13895.92354,15142.18487,16787.97025,18310.44321,19246.44868,21048.33052,22850.63885,23833.2097,24719.24751,25612.25783,26856.03522,27735.35085,29922.20498,31336.6035
Portugal,PRT,"GDP per capita, PPP (current international $)",NY.GDP.PCAP.PP.CD,19533.0661,20356.6473,20827.98424,21458.27674,22725.27749,24657.10482,25708.24619,26665.8373,26464.31081,27259.7661,26769.51189,26438.0163,27936.03966,28742.44038,29668.8592,31043.56386,32777.40197,33415.4379
Qatar,QAT,"GDP per capita, PPP (current international $)",NY.GDP.PCAP.PP.CD,88138.42244,92091.2766,91451.60854,101329.4787,97768.57115,107541.4558,109362.5076,111255.9944,108953.6771,117518.7009,124024.5682,122674.7237,122495.788,123308.2023,123822.0833,123573.6308,124609.3041,126898.4259
Romania,ROU,"GDP per capita, PPP (current international $)",NY.GDP.PCAP.PP.CD,6521.415379,7162.335654,7551.604779,8982.101337,9602.126199,11544.68273,13686.83097,16782.2321,16635.2298,16966.46061,17907.67463,18931.5325,19797.37887,20623.32437,21631.77015,23868.0692,26631.87948,28206.35705
Russian Federation,RUS,"GDP per capita, PPP (current international $)",NY.GDP.PCAP.PP.CD,7361.3838,8037.499482,9254.560297,10226.78475,11822.3709,14912.2453,16648.24467,20163.61168,19389.94213,20490.12944,24310.04397,25784.56716,26240.2745,25751.51414,24061.09937,24072.27793,25766.92881,27147.33358
Rwanda,RWA,"GDP per capita, PPP (current international $)",NY.GDP.PCAP.PP.CD,681.7397558,765.6584963,784.935105,853.7919406,945.5541673,1054.465817,1136.486959,1253.996633,1307.068325,1383.013387,1486.655474,1606.102664,1669.971866,1762.105585,1890.203675,1973.146966,2078.052755,2251.556388
Saudi Arabia,SAU,"GDP per capita, PPP (current international $)",NY.GDP.PCAP.PP.CD,33886.43082,32527.4347,35787.18204,38515.94714,40726.05788,41927.62125,42654.27419,44945.32113,43119.88439,44498.67574,48473.70921,50491.5474,51188.96364,52550.79246,53897.94398,54159.79239,53693.3697,55335.67959
Senegal,SEN,"GDP per capita, PPP (current international $)",NY.GDP.PCAP.PP.CD,2007.413896,2003.101585,2123.433736,2251.253122,2389.98818,2458.169034,2579.774467,2664.229276,2667.307426,2718.906572,2739.335655,2854.119263,2903.740826,3067.034049,3205.894499,3351.536617,3556.137758,3782.538613
Serbia,SRB,"GDP per capita, PPP (current international $)",NY.GDP.PCAP.PP.CD,6137.796738,6800.877215,7197.871716,8064.492325,9181.692585,10198.61081,11225.36244,12632.1427,12536.50405,12797.32427,13746.92668,13933.83821,14629.07053,14659.54058,14922.13735,15615.23211,16433.44975,17434.91613
Seychelles,SYC,"GDP per capita, PPP (current international $)",NY.GDP.PCAP.PP.CD,14652.49076,14611.1608,14165.73618,14184.8837,15870.28455,17520.16314,19764.54473,19280.3927,19137.3887,19948.41572,22556.58257,23051.79171,24412.8862,25594.10396,26546.40585,27672.51882,29062.26285,30557.07572
Sierra Leone,SLE,"GDP per capita, PPP (current international $)",NY.GDP.PCAP.PP.CD,667.3971627,820.5143366,872.2546754,913.9100037,947.9151529,985.790854,1064.550355,1116.993886,1135.631121,1183.330094,1255.453038,1440.997449,1730.996317,1803.863023,1416.366137,1486.044851,1544.42929,1601.974029
Singapore,SGP,"GDP per capita, PPP (current international $)",NY.GDP.PCAP.PP.CD,41000.41843,42886.18105,46342.2965,51612.82421,55809.70032,60745.45587,65230.10844,64230.63596,62873.49475,71565.99973,76034.33406,78978.82285,82881.407,86611.51359,89007.4608,91452.04273,96552.60261,101531.6302
Slovak Republic,SVK,"GDP per capita, PPP (current international $)",NY.GDP.PCAP.PP.CD,12391.15318,13312.20331,14165.4041,15212.45963,16639.39412,18894.40435,21201.85853,23725.85776,23085.33289,25152.7642,26049.79238,26933.42222,27967.1723,28991.56583,29924.12155,30824.59619,32243.84951,33736.40094
Slovenia,SVN,"GDP per capita, PPP (current international $)",NY.GDP.PCAP.PP.CD,18956.12075,20241.52542,21088.99236,22740.22061,23852.64328,25693.73095,27543.4917,29604.29123,27543.39118,27824.64807,28931.38371,29042.82027,29973.69911,30870.02367,31636.75003,33191.67387,36142.79094,38048.78466
South Africa,ZAF,"GDP per capita, PPP (current international $)",NY.GDP.PCAP.PP.CD,7994.262425,8315.442736,8613.587442,9136.414314,9796.154549,10524.34606,11240.26037,11667.84983,11416.00169,11728.16049,12179.17419,12488.21557,12815.72707,13090.47683,13185.25328,13188.02962,13438.28289,13686.88236
Spain,ESP,"GDP per capita, PPP (current international $)",NY.GDP.PCAP.PP.CD,22958.76158,24371.59885,25018.36612,26119.79374,27606.93405,30688.36622,32438.17339,33263.2724,32098.97505,31680.18539,31867.97324,31720.12,32434.0032,33525.74063,34912.47613,36554.93455,38888.73547,39715.43906
Sri Lanka,LKA,"GDP per capita, PPP (current international $)",NY.GDP.PCAP.PP.CD,4406.600002,4616.969352,4940.196264,5304.427424,5764.132459,6344.939228,6906.996548,7407.324792,7674.350942,8328.90662,9155.658792,10171.42447,10618.20208,11250.30924,11830.69575,12359.34586,12878.58867,13473.66309
Sudan,SDN,"GDP per capita, PPP (current international $)",NY.GDP.PCAP.PP.CD,1953.48384,2053.798124,2191.622002,2273.597495,2450.7385,2702.901009,3011.096455,3220.329656,3262.020338,3327.142295,3643.092161,4152.156101,4306.149338,4397.809343,4551.996918,4703.856808,4880.261517,4759.281882
Sweden,SWE,"GDP per capita, PPP (current international $)",NY.GDP.PCAP.PP.CD,29770.04484,30751.20665,31583.04807,33608.73327,34029.19029,37435.37573,40592.8002,41971.61205,40156.41031,42179.33712,44503.67324,45304.41571,46138.45457,47045.64635,48975.00451,49423.21647,51878.6944,53208.88436
Switzerland,CHE,"GDP per capita, PPP (current international $)",NY.GDP.PCAP.PP.CD,36778.01064,37718.28483,37713.3375,39170.03225,40572.26448,45106.41668,49746.38939,52584.72681,51769.03029,53067.72464,56183.82162,57849.57204,60108.52002,61902.12954,63938.98939,64323.92524,66395.85634,68060.94105
Tajikistan,TJK,"GDP per capita, PPP (current international $)",NY.GDP.PCAP.PP.CD,1039.08812,1150.196263,1276.807012,1420.907352,1533.305278,1658.496929,1798.807199,1938.442493,1986.596247,2094.538959,2245.785335,2404.805181,2567.785701,2726.507194,2851.709486,3006.511141,3216.580702,3449.779316
Tanzania,TZA,"GDP per capita, PPP (current international $)",NY.GDP.PCAP.PP.CD,1314.909847,1392.131445,1470.929684,1578.693473,1700.950077,1815.144391,1934.752743,2026.252856,2088.519946,2182.374747,2329.330437,2408.249792,2539.662399,2680.385594,2791.023424,2926.328043,3090.494371,3227.034211
Thailand,THA,"GDP per capita, PPP (current international $)",NY.GDP.PCAP.PP.CD,7659.243252,8190.496026,8875.774031,9621.585542,10270.27254,11039.84209,11885.80937,12261.4599,12207.96845,13213.31474,13537.48834,14727.14305,15318.63674,15694.33668,16293.6098,16961.26557,17917.20689,19051.33338
Timor-Leste,TLS,"GDP per capita, PPP (current international $)",NY.GDP.PCAP.PP.CD,2844.860899,2628.765818,2577.720358,4232.660492,5791.984039,8277.114781,8774.681105,9655.649098,8981.084925,8821.211793,9860.331546,10369.38916,9216.474857,6833.300502,8177.850186,8168.746991,7416.223344,7658.434996
Togo,TGO,"GDP per capita, PPP (current international $)",NY.GDP.PCAP.PP.CD,961.3663774,942.5333391,982.3464571,1004.334487,1020.978317,1065.777629,1089.696751,1125.033908,1164.346278,1216.508967,1286.470497,1360.257545,1430.525333,1504.32208,1566.994218,1630.600506,1691.534408,1773.896632
Tonga,TON,"GDP per capita, PPP (current international $)",NY.GDP.PCAP.PP.CD,3860.989502,4034.236903,4171.913068,4242.379484,4413.484858,4474.59379,4365.824859,4553.276725,4669.997988,4889.298528,5151.454825,5339.532136,5313.805671,5567.035411,5849.717335,6092.258366,6321.606933,6419.561778
Trinidad and Tobago,TTO,"GDP per capita, PPP (current international $)",NY.GDP.PCAP.PP.CD,15477.72714,16896.24604,19597.94841,21615.02249,23555.7148,27346.16638,29283.36361,30724.79466,29454.02792,30620.1748,30980.45449,31770.1904,32831.47606,32937.07201,33698.66655,31754.46967,31461.26406,32014.78313
Tunisia,TUN,"GDP per capita, PPP (current international $)",NY.GDP.PCAP.PP.CD,6331.13635,6465.27773,6843.692211,7408.824855,7839.868116,8421.998833,9135.799881,9605.921377,9868.305639,10227.32596,10139.13146,10642.5379,11032.93957,11460.34826,11598.86038,11743.4899,12047.05114,12502.82019
Turkey,TUR,"GDP per capita, PPP (current international $)",NY.GDP.PCAP.PP.CD,9215.131989,9329.813176,9603.880437,10860.05874,11887.86395,13621.46548,14849.32529,16053.80379,15489.87192,17425.86136,19651.67848,20616.86987,22269.03766,23967.11803,25625.57463,26150.3998,27915.52365,28068.85941
Uganda,UGA,"GDP per capita, PPP (current international $)",NY.GDP.PCAP.PP.CD,885.0605616,947.3411238,995.2352113,1057.383445,1123.213095,1242.210442,1339.980495,1438.876731,1500.178502,1552.93584,1679.937855,1722.184621,1757.490012,1820.129666,1868.547153,1908.300268,1945.358604,2038.073892
Ukraine,UKR,"GDP per capita, PPP (current international $)",NY.GDP.PCAP.PP.CD,4303.35667,4646.840744,5225.772428,6062.087656,6485.633061,7227.729835,8033.265679,8423.700146,7267.415871,7664.396582,8281.867126,8481.779747,8647.990381,8710.749383,7972.435612,8289.707288,8693.693649,9233.150469
United Arab Emirates,ARE,"GDP per capita, PPP (current international $)",NY.GDP.PCAP.PP.CD,80843.60537,79863.48973,82946.33521,85147.21909,81635.46797,79970.73625,72802.1616,66641.48428,56975.52938,54230.17367,56574.28818,58961.20201,62641.83699,66443.99758,70212.09301,72386.09047,73137.87019,75075.25741
United Kingdom,GBR,"GDP per capita, PPP (current international $)",NY.GDP.PCAP.PP.CD,27756.81263,29068.59386,30261.57769,31964.59597,32668.22632,34767.00114,35600.00779,36660.19256,35003.49742,36340.73387,37161.49069,38311.84608,39971.02536,41259.00094,42509.88817,43543.58783,45378.99774,45973.5735
United States,USA,"GDP per capita, PPP (current international $)",NY.GDP.PCAP.PP.CD,37133.24281,38023.16111,39496.48588,41712.80107,44114.74778,46298.73144,47975.96768,48382.55845,47099.98047,48466.82338,49883.11398,51603.49726,53106.90977,55032.958,56803.47243,57904.20196,59927.92983,62794.58565
Uruguay,URY,"GDP per capita, PPP (current international $)",NY.GDP.PCAP.PP.CD,10054.52709,9422.245715,9681.415106,10446.4655,11574.32289,12399.89304,13540.07137,14756.47578,15456.18466,16808.28488,17993.44754,18930.9673,20094.29378,21069.23438,21300.97607,21820.25901,22728.13475,23572.17746
Uzbekistan,UZB,"GDP per capita, PPP (current international $)",NY.GDP.PCAP.PP.CD,2627.207489,2741.054692,2876.463685,3137.531025,3420.094331,3740.23256,4145.109337,4533.914272,4853.690566,5136.234068,5502.049022,5933.17607,6394.541435,6866.481774,7327.832069,7723.937506,8084.651372,8556.051512
"Venezuela, RB",VEN,"GDP per capita, PPP (current international $)",NY.GDP.PCAP.PP.CD,12040.82557,10946.51197,10103.47423,12062.7375,13495.61258,15038.96211,16549.8039,17512.66493,16840.28222,16541.55868,17319.28961,18343.47989,18648.62405,18102.46829,17136.85091,14485.61209,12640.73431,..
Vietnam,VNM,"GDP per capita, PPP (current international $)",NY.GDP.PCAP.PP.CD,2200.02024,2353.000468,2538.163204,2777.246874,3051.608497,3332.143253,3631.182562,3874.039234,4074.18424,4342.751917,4662.223052,4949.131363,5253.397519,5613.627304,5989.75769,6365.289485,6857.984044,7447.814334
"Yemen, Rep.",YEM,"GDP per capita, PPP (current international $)",NY.GDP.PCAP.PP.CD,3278.903531,3363.240378,3452.738165,3581.824687,3789.889382,3915.384569,4038.655597,4148.556849,4221.413776,4472.726448,3876.302619,3935.167105,4084.882967,4045.500031,3320.110156,2827.691023,2645.308383,2575.126385
Zambia,ZMB,"GDP per capita, PPP (current international $)",NY.GDP.PCAP.PP.CD,1773.963693,1835.247757,1948.531639,2087.213343,2248.465939,2434.454195,2637.277877,2819.650593,3017.024571,3269.794329,3419.01046,3634.780353,3765.584162,3893.549478,3927.761816,3998.004435,4090.12004,4223.906936
Zimbabwe,ZWE,"GDP per capita, PPP (current international $)",NY.GDP.PCAP.PP.CD,2421.530752,2235.360895,1885.511354,1818.104977,1759.358119,1738.51425,1705.901346,1417.507098,1581.161558,1888.566739,2168.110293,2534.541919,2583.985638,2648.568967,2679.580317,2687.385429,2825.725122,3029.793005
